name,team,position,cost,status,minutes,total_points,bonus,points_per_game,selected_by_percent
Fábio Vieira,ARS,MID,5.4,NotAvail,0,0,0,0.0,0.0
G.Jesus,ARS,FWD,6.8,Doubtful,5,0,0,0.0,0.9
Gabriel,ARS,DEF,6.0,Available,270,14,1,4.7,12.5
Havertz,ARS,FWD,8.1,Available,270,22,5,7.3,18.0
Hein,ARS,GKP,4.0,NotAvail,0,0,0,0.0,0.1
J.Timber,ARS,DEF,5.5,Available,178,8,0,2.7,1.0
Jorginho,ARS,MID,4.9,Available,0,0,0,0.0,0.3
Kiwior,ARS,DEF,4.9,Available,0,0,0,0.0,0.2
Martinelli,ARS,MID,6.9,Available,170,7,0,2.3,2.2
Nwaneri,ARS,MID,4.5,Available,0,0,0,0.0,0.2
Ødegaard,ARS,MID,8.4,Available,253,7,0,2.3,10.7
Raya,ARS,GKP,5.5,Available,270,20,4,6.7,28.4
Rice,ARS,MID,6.4,Suspended,222,3,0,1.0,3.8
Saka,ARS,MID,10.1,Available,256,24,3,8.0,32.5
Saliba,ARS,DEF,6.0,Available,270,14,0,4.7,38.3
Thomas,ARS,MID,5.0,Available,270,15,3,5.0,1.5
Tierney,ARS,DEF,4.4,Injured,0,0,0,0.0,0.0
Tomiyasu,ARS,DEF,4.9,Injured,0,0,0,0.0,0.0
Trossard,ARS,MID,6.9,Available,93,9,1,3.0,1.9
White,ARS,DEF,6.5,Available,270,14,0,4.7,9.0
Zinchenko,ARS,DEF,5.0,Available,78,7,0,3.5,2.4
Neto,ARS,GKP,4.5,Available,180,7,0,3.5,2.0
Sterling,ARS,MID,6.8,Available,0,0,0,0.0,1.2
Calafiori,ARS,DEF,5.8,Available,42,2,0,1.0,1.7
Lewis-Skelly,ARS,MID,4.5,Available,0,0,0,0.0,0.1
Merino,ARS,MID,6.0,Injured,0,0,0,0.0,0.0
Oulad M'hand,ARS,MID,4.5,Available,0,0,0,0.0,0.0
Setford,ARS,GKP,4.5,Available,0,0,0,0.0,0.0
Bailey,AVL,MID,6.4,Doubtful,178,4,0,1.3,2.4
Barkley,AVL,MID,5.3,Available,42,2,0,1.0,0.5
Barrenechea,AVL,MID,4.9,NotAvail,0,0,0,0.0,0.0
Buendia,AVL,MID,5.4,Available,0,0,0,0.0,0.1
Cash,AVL,DEF,4.4,Injured,96,3,0,1.5,1.9
Dendoncker,AVL,MID,4.5,NotAvail,0,0,0,0.0,0.8
Diaby,AVL,MID,6.5,NotAvail,0,0,0,0.0,0.0
Diego Carlos,AVL,DEF,4.5,Doubtful,0,0,0,0.0,0.4
Digne,AVL,DEF,4.5,Available,238,11,2,3.7,4.8
Dobbin,AVL,MID,5.0,NotAvail,0,0,0,0.0,0.0
Duran,AVL,FWD,6.0,Available,82,14,4,4.7,1.2
Gauci,AVL,GKP,4.0,Available,0,0,0,0.0,0.9
Hause,AVL,DEF,4.0,Available,0,0,0,0.0,0.7
Iling Jr,AVL,MID,5.4,NotAvail,0,0,0,0.0,0.0
Kamara,AVL,MID,5.0,Doubtful,0,0,0,0.0,0.0
Kesler-Hayden,AVL,DEF,4.0,NotAvail,0,0,0,0.0,0.0
Konsa,AVL,DEF,4.5,Available,270,5,0,1.7,13.2
Maatsen,AVL,DEF,4.9,Available,41,3,0,1.0,2.7
Marschall,AVL,GKP,4.0,NotAvail,0,0,0,0.0,0.0
Martinez,AVL,GKP,5.0,Available,270,6,0,2.0,13.1
McGinn,AVL,MID,5.5,Available,215,6,0,2.0,1.9
Mings,AVL,DEF,4.4,Doubtful,0,0,0,0.0,0.0
Nedeljkovic,AVL,DEF,4.0,Available,93,3,0,1.0,2.0
Olsen,AVL,GKP,4.5,Available,0,0,0,0.0,0.1
Pau,AVL,DEF,4.5,Available,270,5,0,1.7,1.9
Ramsey,AVL,MID,5.5,Available,116,7,0,2.3,0.4
Rogers,AVL,MID,5.1,Available,270,6,0,2.0,14.5
Sinisalo,AVL,GKP,4.0,NotAvail,0,0,0,0.0,0.0
Sousa,AVL,DEF,4.0,NotAvail,0,0,0,0.0,0.1
Tielemans,AVL,MID,5.5,Available,270,10,2,3.3,1.2
Watkins,AVL,FWD,8.9,Doubtful,185,9,0,3.0,25.6
Onana,AVL,MID,5.1,Available,226,20,5,6.7,8.3
Jaden,AVL,MID,5.4,Doubtful,16,0,0,0.0,0.1
Bogarde,AVL,DEF,4.0,Available,78,1,0,1.0,0.3
Swinkels,AVL,DEF,4.0,Available,0,0,0,0.0,0.0
Zych,AVL,GKP,4.0,Available,0,0,0,0.0,0.2
Aarons,BOU,DEF,4.5,Available,0,0,0,0.0,0.2
Adams,BOU,MID,5.0,Injured,0,0,0,0.0,0.0
Anthony,BOU,MID,4.5,NotAvail,0,0,0,0.0,0.3
Brooks,BOU,MID,4.9,Doubtful,0,0,0,0.0,0.0
Christie,BOU,MID,4.9,Available,155,5,0,1.7,0.2
Cook,BOU,MID,5.0,Available,263,10,0,3.3,0.1
Enes Ünal,BOU,FWD,5.4,Doubtful,0,0,0,0.0,0.0
Faivre,BOU,MID,5.0,NotAvail,0,0,0,0.0,0.0
H.Traorè,BOU,MID,4.5,NotAvail,0,0,0,0.0,0.1
Hill,BOU,DEF,4.0,Available,0,0,0,0.0,0.4
Jebbison,BOU,FWD,4.5,NotAvail,26,2,0,1.0,3.6
Kerkez,BOU,DEF,4.5,Available,245,4,0,1.3,0.4
Kluivert,BOU,MID,5.4,Available,187,8,0,2.7,0.3
Mepham,BOU,DEF,4.4,NotAvail,0,0,0,0.0,0.1
O.Dango,BOU,MID,5.0,Available,110,7,0,2.3,0.0
Paulsen,BOU,GKP,4.0,NotAvail,0,0,0,0.0,0.0
Philip,BOU,MID,4.9,Doubtful,6,1,0,1.0,0.1
Scott,BOU,MID,5.0,Available,112,4,0,1.3,0.1
Semenyo,BOU,MID,5.6,Available,270,19,1,6.3,4.9
Senesi,BOU,DEF,4.9,Available,166,2,0,1.0,0.7
Sinisterra,BOU,MID,5.0,Available,106,14,2,4.7,0.4
Smith,BOU,DEF,4.5,Available,79,4,0,1.3,0.2
Tavernier,BOU,MID,5.5,Available,264,13,2,4.3,0.3
Travers,BOU,GKP,4.5,Available,0,0,0,0.0,0.1
Zabarnyi,BOU,DEF,4.5,Available,270,5,0,1.7,0.4
Arrizabalaga,BOU,GKP,4.5,NotAvail,90,3,0,3.0,0.5
Huijsen,BOU,DEF,4.5,Available,103,3,0,1.5,0.1
J.Araujo,BOU,DEF,4.5,Available,188,4,0,1.3,0.2
Dennis,BOU,GKP,4.0,Available,0,0,0,0.0,0.4
Evanilson,BOU,FWD,6.0,Available,135,4,0,2.0,0.3
Ajer,BRE,DEF,4.5,Doubtful,218,4,0,1.3,0.4
Brierley,BRE,MID,4.5,Available,0,0,0,0.0,0.1
Collins,BRE,DEF,4.5,Available,270,12,1,4.0,1.1
Damsgaard,BRE,MID,5.0,Available,121,5,0,1.7,0.1
Dasilva,BRE,MID,4.9,Injured,0,0,0,0.0,0.0
Flekken,BRE,GKP,4.5,Available,270,10,0,3.3,11.1
Henry,BRE,DEF,4.4,Doubtful,0,0,0,0.0,0.1
Hickey,BRE,DEF,4.4,Injured,0,0,0,0.0,0.0
Janelt,BRE,MID,4.9,Available,219,7,0,2.3,0.1
Jensen,BRE,MID,5.5,Available,238,9,1,3.0,0.2
Ji-soo,BRE,DEF,4.0,Available,0,0,0,0.0,0.2
Konak,BRE,MID,4.5,Available,0,0,0,0.0,0.1
Lewis-Potter,BRE,MID,5.0,Available,96,4,0,1.3,0.1
Mbeumo,BRE,MID,7.1,Available,269,24,5,8.0,7.8
Mee,BRE,DEF,4.4,Available,1,1,0,1.0,0.7
Nørgaard,BRE,MID,5.0,Available,270,5,0,1.7,0.1
Onyeka,BRE,MID,4.9,NotAvail,23,2,0,1.0,0.0
Peart-Harris,BRE,MID,4.5,NotAvail,0,0,0,0.0,0.0
Pinnock,BRE,DEF,4.5,Available,270,2,0,0.7,0.4
Roerslev,BRE,DEF,4.5,Available,231,4,0,1.3,0.1
Schade,BRE,MID,5.5,Available,164,9,0,3.0,0.1
Thiago,BRE,FWD,5.9,Injured,0,0,0,0.0,0.0
Toney,BRE,FWD,7.3,NotAvail,0,0,0,0.0,2.5
Valdimarsson,BRE,GKP,4.0,Available,0,0,0,0.0,4.1
Wissa,BRE,FWD,6.1,Available,245,21,5,7.0,7.7
Yarmoliuk,BRE,MID,4.5,Available,0,0,0,0.0,2.5
Zanka,BRE,DEF,4.5,NotAvail,0,0,0,0.0,0.0
Carvalho,BRE,MID,4.9,Available,38,3,0,1.0,1.0
Van den Berg,BRE,DEF,4.0,Available,15,1,0,1.0,0.9
Trevitt,BRE,MID,4.5,Available,0,0,0,0.0,0.1
G.Nunes,BRE,MID,5.0,Available,0,0,0,0.0,0.0
Meghoma,BRE,DEF,4.0,Available,0,0,0,0.0,0.0
Adingra,BHA,MID,5.5,Available,51,11,0,3.7,1.0
Baker-Boaitey,BHA,MID,4.5,NotAvail,0,0,0,0.0,0.0
Baleba,BHA,MID,5.0,Available,107,3,0,1.5,0.1
Barco,BHA,DEF,4.0,NotAvail,0,0,0,0.0,12.0
Cozier-Duberry,BHA,MID,4.5,NotAvail,0,0,0,0.0,0.1
Dahoud,BHA,MID,4.9,NotAvail,0,0,0,0.0,0.0
Dunk,BHA,DEF,4.5,Available,255,10,0,3.3,6.4
Enciso,BHA,MID,5.4,Available,16,2,0,1.0,0.1
Estupiñan,BHA,DEF,5.0,Available,18,1,0,1.0,0.3
Ferguson,BHA,FWD,5.5,Available,0,0,0,0.0,0.1
Gilmour,BHA,MID,5.0,NotAvail,97,3,0,1.5,0.1
Gross,BHA,MID,6.5,NotAvail,0,0,0,0.0,0.0
Hinshelwood,BHA,MID,5.0,Available,270,7,0,2.3,0.1
I.Osman,BHA,MID,5.0,NotAvail,0,0,0,0.0,0.0
Igor,BHA,DEF,4.4,Available,0,0,0,0.0,0.1
João Pedro,BHA,FWD,5.7,Available,261,18,5,6.0,27.8
Kozlowski,BHA,MID,4.5,NotAvail,0,0,0,0.0,0.0
Lamptey,BHA,DEF,4.5,Available,0,0,0,0.0,0.2
March,BHA,MID,6.5,Doubtful,0,0,0,0.0,0.0
Mazilu,BHA,MID,4.5,NotAvail,0,0,0,0.0,0.0
Milner,BHA,MID,5.0,Doubtful,169,5,0,1.7,0.1
Minteh,BHA,MID,5.5,Available,205,10,0,3.3,1.8
Mitoma,BHA,MID,6.6,Available,261,16,1,5.3,8.2
Moder,BHA,MID,4.5,Available,0,0,0,0.0,0.3
O’Mahony,BHA,FWD,4.5,NotAvail,0,0,0,0.0,0.6
Offiah,BHA,DEF,4.0,NotAvail,0,0,0,0.0,0.1
Peupion,BHA,MID,4.5,Available,0,0,0,0.0,0.1
Sarmiento,BHA,MID,4.9,NotAvail,8,1,0,1.0,0.0
Steele,BHA,GKP,4.5,Available,180,9,1,4.5,2.6
Undav,BHA,FWD,5.5,NotAvail,0,0,0,0.0,0.0
Van Hecke,BHA,DEF,4.5,Available,270,9,0,3.0,0.6
Veltman,BHA,DEF,4.5,Doubtful,251,12,2,4.0,2.4
Verbruggen,BHA,GKP,4.5,Available,90,4,0,4.0,1.0
Webster,BHA,DEF,4.5,Available,14,1,0,1.0,0.1
Welbeck,BHA,FWD,5.7,Available,252,23,6,7.7,14.4
Wieffer,BHA,MID,5.0,Doubtful,90,6,0,6.0,0.1
Gruda,BHA,MID,5.5,Doubtful,0,0,0,0.0,0.0
Ayari,BHA,MID,5.0,Available,75,4,0,1.3,0.0
Moran,BHA,MID,5.0,NotAvail,0,0,0,0.0,0.0
Rushworth,BHA,GKP,4.0,NotAvail,0,0,0,0.0,0.1
Georginio,BHA,MID,5.5,Available,19,2,0,1.0,0.0
F.Kadıoğlu,BHA,DEF,4.5,Available,0,0,0,0.0,0.1
O'Riley,BHA,MID,5.5,Injured,0,0,0,0.0,0.0
Andrey Santos,CHE,MID,4.5,NotAvail,0,0,0,0.0,0.0
Ângelo,CHE,MID,4.5,NotAvail,0,0,0,0.0,0.3
B.Badiashile,CHE,DEF,4.5,Available,0,0,0,0.0,0.1
Bergström,CHE,GKP,4.0,Available,0,0,0,0.0,0.3
Bettinelli,CHE,GKP,4.0,Available,0,0,0,0.0,0.4
Caicedo,CHE,MID,5.0,Available,255,5,0,1.7,0.6
Casadei,CHE,MID,4.5,Available,0,0,0,0.0,0.1
Chilwell,CHE,DEF,4.9,Available,0,0,0,0.0,0.6
Chukwuemeka,CHE,MID,4.9,Available,0,0,0,0.0,0.1
Colwill,CHE,DEF,4.5,Available,270,4,0,1.3,1.3
Cucurella,CHE,DEF,5.0,Available,251,4,0,1.3,6.0
D.D.Fofana,CHE,FWD,5.4,Available,0,0,0,0.0,0.1
Deivid,CHE,FWD,5.0,Available,0,0,0,0.0,0.1
Dewsbury-Hall,CHE,MID,5.9,Available,38,2,0,1.0,0.2
Disasi,CHE,DEF,4.4,Available,0,0,0,0.0,0.3
Enzo,CHE,MID,5.0,Available,270,6,0,2.0,1.7
Gallagher,CHE,MID,5.9,NotAvail,0,0,0,0.0,0.2
Gilchrist,CHE,DEF,4.0,NotAvail,0,0,0,0.0,0.1
Gusto,CHE,DEF,5.0,Doubtful,253,3,0,1.0,3.0
James,CHE,DEF,5.0,Doubtful,0,0,0,0.0,0.1
Kellyman,CHE,MID,4.5,Available,0,0,0,0.0,0.0
Lavia,CHE,MID,4.5,Doubtful,65,2,0,2.0,1.2
Lukaku,CHE,FWD,6.3,NotAvail,0,0,0,0.0,0.3
M.Sarr,CHE,DEF,4.5,NotAvail,0,0,0,0.0,0.0
Madueke,CHE,MID,6.6,Available,175,22,3,11.0,11.4
Marc Guiu,CHE,FWD,5.0,Available,24,1,0,1.0,0.8
Mudryk,CHE,MID,6.4,Available,61,2,0,1.0,0.3
N.Jackson,CHE,FWD,7.6,Available,222,18,2,6.0,5.9
Nkunku,CHE,MID,6.2,Available,68,3,0,1.0,6.2
Palmer,CHE,MID,10.6,Doubtful,262,25,4,8.3,41.7
Petrović,CHE,GKP,4.4,NotAvail,0,0,0,0.0,0.5
Renato Veiga,CHE,MID,4.5,Available,17,2,0,1.0,0.2
Sánchez,CHE,GKP,4.5,Available,270,5,0,1.7,4.1
Tosin,CHE,DEF,4.4,Available,0,0,0,0.0,0.2
W.Fofana,CHE,DEF,4.5,Available,270,3,0,1.0,0.6
Sancho,CHE,MID,6.3,Available,0,0,0,0.0,0.3
Neto,CHE,MID,6.5,Available,134,5,0,1.7,1.0
Wiley,CHE,DEF,4.0,NotAvail,0,0,0,0.0,0.0
Jørgensen,CHE,GKP,4.4,Available,0,0,0,0.0,0.3
João Félix,CHE,MID,6.5,Available,54,7,0,3.5,1.1
Nketiah,CRY,FWD,5.9,Available,0,0,0,0.0,0.6
Chalobah,CRY,DEF,4.4,Available,0,0,0,0.0,0.2
Ahamada,CRY,MID,4.5,NotAvail,0,0,0,0.0,0.3
C.Doucouré,CRY,MID,4.9,Available,46,5,0,2.5,0.1
C.Richards,CRY,DEF,4.5,Available,253,3,0,1.0,0.2
Chadi Riad,CRY,DEF,4.4,Injured,90,1,0,1.0,0.1
Clyne,CRY,DEF,4.4,Available,90,2,0,2.0,0.1
Ebiowei,CRY,MID,4.5,NotAvail,0,0,0,0.0,0.0
Eze,CRY,MID,6.9,Available,270,14,3,4.7,24.8
Guéhi,CRY,DEF,4.5,Available,270,3,0,1.0,6.0
Henderson,CRY,GKP,4.5,Available,270,7,0,2.3,14.6
Holding,CRY,DEF,4.4,Available,0,0,0,0.0,0.1
Hughes,CRY,MID,4.9,Available,132,2,0,1.0,0.0
Kamada,CRY,MID,5.4,Available,183,4,0,1.3,0.3
Lerma,CRY,MID,4.9,Doubtful,78,3,0,1.5,0.1
Mateta,CRY,FWD,7.4,Available,203,5,0,1.7,4.3
M.França,CRY,MID,4.4,Injured,0,0,0,0.0,0.5
Matthews,CRY,GKP,4.0,Available,0,0,0,0.0,0.9
Mitchell,CRY,DEF,4.9,Available,270,4,0,1.3,1.8
Muñoz,CRY,DEF,5.0,Available,270,6,0,2.0,3.5
Ozoh,CRY,MID,4.5,NotAvail,0,0,0,0.0,0.0
Rak-Sakyi,CRY,MID,4.5,NotAvail,0,0,0,0.0,0.1
Schlupp,CRY,MID,4.9,Available,11,2,0,1.0,0.1
Ward,CRY,DEF,4.4,Available,0,0,0,0.0,0.1
Wharton,CRY,MID,5.0,Doubtful,253,6,0,2.0,0.4
Turner,CRY,GKP,4.0,Available,0,0,0,0.0,17.2
I.Sarr,CRY,MID,5.9,Available,46,3,0,1.0,0.2
Umeh-Chibueze,CRY,MID,4.5,Available,0,0,0,0.0,0.0
Devenny,CRY,MID,4.5,Available,0,0,0,0.0,0.0
Agbinone,CRY,MID,4.5,Available,0,0,0,0.0,0.0
Rodney,CRY,MID,4.5,Available,0,0,0,0.0,0.0
Lacroix,CRY,DEF,4.5,Available,0,0,0,0.0,0.0
Broja,EVE,FWD,5.5,Available,0,0,0,0.0,0.1
A.Doucoure,EVE,MID,5.4,Available,125,4,0,1.3,0.3
Beto,EVE,FWD,5.0,Available,34,3,0,1.0,0.7
Branthwaite,EVE,DEF,4.9,Injured,0,0,0,0.0,1.0
Calvert-Lewin,EVE,FWD,5.9,Available,233,16,3,5.3,1.8
Coleman,EVE,DEF,4.4,Available,90,1,0,1.0,0.0
Gana,EVE,MID,5.0,Available,270,6,0,2.0,0.1
Garner,EVE,MID,5.0,Available,0,0,0,0.0,0.0
Harrison,EVE,MID,5.4,Available,230,5,0,1.7,0.2
Holgate,EVE,DEF,4.0,NotAvail,5,1,0,1.0,0.5
Iroegbunam,EVE,MID,4.5,Available,270,5,0,1.7,1.1
J.Virginia,EVE,GKP,4.0,Available,0,0,0,0.0,0.6
Keane,EVE,DEF,4.0,Available,270,7,0,2.3,4.2
Maupay,EVE,FWD,4.9,NotAvail,0,0,0,0.0,1.0
McNeil,EVE,MID,5.4,Available,270,10,1,3.3,0.6
Mykolenko,EVE,DEF,4.4,Available,270,2,0,0.7,6.1
Ndiaye,EVE,FWD,5.4,Available,142,4,0,1.3,0.2
Patterson,EVE,DEF,4.4,Injured,0,0,0,0.0,0.0
Pickford,EVE,GKP,4.9,Available,270,4,0,1.3,10.9
Tarkowski,EVE,DEF,4.9,Available,270,1,0,0.3,1.4
Y. Chermiti,EVE,FWD,5.0,Injured,0,0,0,0.0,0.0
Young,EVE,DEF,4.5,Available,65,-2,0,-2.0,0.1
Lindstrøm,EVE,MID,5.3,Available,33,1,0,1.0,0.1
O'Brien,EVE,DEF,4.9,Available,0,0,0,0.0,0.2
Armstrong,EVE,MID,4.5,Available,1,1,0,1.0,0.2
Metcalfe,EVE,MID,4.5,NotAvail,0,0,0,0.0,0.0
Begovic,EVE,GKP,4.0,Available,0,0,0,0.0,0.1
Dixon,EVE,DEF,4.0,Available,90,0,0,0.0,0.0
Mangala,EVE,MID,5.0,Available,0,0,0,0.0,0.0
Nelson,FUL,MID,5.0,Available,2,1,0,1.0,0.1
Smith Rowe,FUL,MID,5.6,Available,202,15,3,5.0,26.1
Andersen,FUL,DEF,4.4,Available,90,0,0,0.0,12.8
Adama,FUL,MID,5.0,Available,235,17,3,5.7,2.5
Andreas,FUL,MID,5.4,Available,261,5,0,1.7,2.9
Bassey,FUL,DEF,4.5,Available,270,5,0,1.7,0.4
Benda,FUL,GKP,4.0,Available,0,0,0,0.0,0.5
Cairney,FUL,MID,4.9,Available,50,1,0,0.3,0.0
Castagne,FUL,DEF,4.4,Available,0,0,0,0.0,1.7
Diop,FUL,DEF,4.5,Available,270,6,0,2.0,0.3
Harris,FUL,MID,4.5,NotAvail,0,0,0,0.0,0.0
Iwobi,FUL,MID,5.5,Available,266,12,1,4.0,1.2
Leno,FUL,GKP,5.0,Available,270,9,0,3.0,3.0
Lukić,FUL,MID,5.0,Available,266,5,0,1.7,0.1
Mbabu,FUL,DEF,4.0,NotAvail,0,0,0,0.0,0.4
Muniz,FUL,FWD,6.1,Available,234,6,0,2.0,8.9
Raúl,FUL,FWD,5.4,Available,33,3,0,1.0,0.4
Ream,FUL,DEF,4.5,NotAvail,0,0,0,0.0,0.0
Reed,FUL,MID,4.9,Available,8,3,0,1.0,0.0
Robinson,FUL,DEF,4.6,Available,270,13,2,4.3,16.4
Stansfield,FUL,FWD,5.0,NotAvail,1,1,0,1.0,0.1
Tete,FUL,DEF,4.5,Available,270,6,0,2.0,0.4
Vinicius,FUL,FWD,5.0,Available,0,0,0,0.0,0.6
Wilson,FUL,MID,5.4,Available,36,2,0,0.7,0.1
Sessegnon,FUL,DEF,4.4,Available,0,0,0,0.0,0.2
J.Cuenca,FUL,DEF,4.4,Available,0,0,0,0.0,0.1
King,FUL,MID,4.5,Available,0,0,0,0.0,0.1
Godo,FUL,MID,4.5,Available,0,0,0,0.0,0.0
Berge,FUL,MID,5.0,Available,18,1,0,1.0,0.0
Al-Hamadi,IPS,FWD,5.0,Available,32,1,0,0.3,0.4
Baggott,IPS,DEF,4.0,NotAvail,0,0,0,0.0,0.0
Broadhead,IPS,MID,4.9,Doubtful,0,0,0,0.0,0.0
Burgess,IPS,DEF,4.0,Available,0,0,0,0.0,0.3
Burns,IPS,MID,4.9,Injured,56,0,0,0.0,0.0
Chaplin,IPS,MID,5.4,Available,67,4,0,1.3,0.2
H.Clarke,IPS,DEF,4.0,Injured,0,0,0,0.0,0.0
Davis,IPS,DEF,4.5,Available,270,8,2,2.7,1.7
Delap,IPS,FWD,5.5,Available,235,11,1,3.7,0.8
Edmundson,IPS,DEF,4.0,NotAvail,1,1,0,1.0,0.2
Greaves,IPS,DEF,4.0,Available,270,3,0,1.0,1.3
Harness,IPS,MID,4.9,NotAvail,43,2,0,1.0,0.0
Hirst,IPS,FWD,5.4,Injured,0,0,0,0.0,0.0
Humphreys,IPS,MID,4.5,NotAvail,0,0,0,0.0,0.0
Hutchinson,IPS,MID,5.5,Available,268,5,0,1.7,0.5
Johnson,IPS,DEF,4.0,Available,123,3,0,1.5,4.3
Ladapo,IPS,FWD,4.5,NotAvail,0,0,0,0.0,1.7
Luongo,IPS,MID,4.5,Available,135,4,0,2.0,0.6
Morsy,IPS,MID,4.9,Available,270,4,0,1.3,0.2
Ndaba,IPS,DEF,4.0,NotAvail,0,0,0,0.0,0.0
Slicker,IPS,GKP,4.0,Available,0,0,0,0.0,0.9
Taylor,IPS,MID,4.9,Available,43,2,0,1.0,0.0
Tuanzebe,IPS,DEF,4.0,Available,251,3,0,1.0,1.6
Walton,IPS,GKP,4.5,Available,90,2,0,2.0,0.2
Woolfenden,IPS,DEF,4.0,Available,270,2,0,0.7,1.7
Phillips,IPS,MID,5.0,Available,69,2,0,2.0,0.1
Muric,IPS,GKP,4.4,Available,180,3,0,1.5,0.4
Townsend,IPS,DEF,4.0,Available,0,0,0,0.0,0.4
Szmodics,IPS,MID,6.0,Available,167,9,0,3.0,0.4
Cajuste,IPS,MID,4.5,Available,20,1,0,1.0,0.0
O'Shea,IPS,DEF,4.0,Available,0,0,0,0.0,0.0
J.Clarke,IPS,MID,5.5,Available,9,1,0,1.0,0.0
Ogbene,IPS,MID,5.0,Available,87,2,0,2.0,0.0
Buonanotte,LEI,MID,5.0,Available,170,13,0,4.3,0.3
J.Ayew,LEI,MID,5.4,Available,113,3,0,1.0,0.3
Edouard,LEI,FWD,5.4,NotAvail,115,3,0,1.5,0.6
B.Soumaré,LEI,MID,4.5,Available,11,1,0,1.0,0.2
Cannon,LEI,FWD,4.5,NotAvail,0,0,0,0.0,1.2
Choudhury,LEI,MID,4.5,Available,0,0,0,0.0,0.2
Coady,LEI,DEF,4.0,Available,0,0,0,0.0,0.2
Daka,LEI,FWD,4.9,Injured,0,0,0,0.0,0.2
De Cordova-Reid,LEI,MID,5.4,Available,148,5,0,1.7,0.1
Faes,LEI,DEF,4.1,Available,270,9,0,3.0,12.0
Golding,LEI,MID,4.5,Available,0,0,0,0.0,0.1
Hermansen,LEI,GKP,4.5,Available,270,7,0,2.3,0.5
Iversen,LEI,GKP,4.0,Available,0,0,0,0.0,0.7
Justin,LEI,DEF,4.5,Available,270,4,0,1.3,0.3
Kristiansen,LEI,DEF,4.5,Available,264,3,0,1.0,0.1
Marcal,LEI,MID,4.5,NotAvail,0,0,0,0.0,0.0
Mavididi,LEI,MID,5.4,Available,53,3,0,1.0,0.3
McAteer,LEI,MID,4.9,Available,10,3,0,1.0,0.0
Ndidi,LEI,MID,5.0,Available,268,9,0,3.0,0.2
Okoli,LEI,DEF,4.0,Available,90,0,0,0.0,0.2
Ricardo,LEI,DEF,4.4,Available,0,0,0,0.0,0.2
Souttar,LEI,DEF,4.0,NotAvail,0,0,0,0.0,0.0
Stolarczyk,LEI,GKP,4.0,Injured,0,0,0,0.0,0.0
Thomas,LEI,DEF,4.0,Available,0,0,0,0.0,0.5
Vardy,LEI,FWD,5.6,Available,238,11,2,3.7,7.0
Vestergaard,LEI,DEF,4.0,Available,180,2,0,1.0,3.0
Ward,LEI,GKP,4.0,Available,0,0,0,0.0,2.6
Winks,LEI,MID,4.5,Available,270,5,0,1.7,14.8
Skipp,LEI,MID,4.9,Available,86,2,0,1.0,0.0
A.Fatawu,LEI,MID,5.5,Available,247,12,3,4.0,0.7
Alves,LEI,MID,4.5,Available,0,0,0,0.0,0.1
Nelson,LEI,DEF,4.0,NotAvail,0,0,0,0.0,0.0
El Khannouss,LEI,MID,5.0,Available,22,1,0,1.0,0.0
A.Becker,LIV,GKP,5.5,Available,270,21,2,7.0,12.4
Alexander-Arnold,LIV,DEF,7.0,Available,222,20,2,6.7,30.3
Bajcetic,LIV,MID,4.5,NotAvail,0,0,0,0.0,0.1
Bradley,LIV,DEF,4.9,Available,45,3,0,1.0,0.5
Clark,LIV,MID,4.5,NotAvail,0,0,0,0.0,0.0
Darwin,LIV,FWD,7.3,Available,32,2,0,1.0,2.8
Diogo J.,LIV,MID,7.6,Available,224,17,0,5.7,18.4
Doak,LIV,MID,4.5,NotAvail,0,0,0,0.0,0.0
Elliott,LIV,MID,5.3,Available,7,1,0,1.0,0.6
Endo,LIV,MID,4.9,Available,1,1,0,1.0,0.2
Gakpo,LIV,FWD,7.3,Available,53,2,0,0.7,2.2
Gomez,LIV,DEF,4.9,Available,0,0,0,0.0,0.5
Gravenberch,LIV,MID,5.0,Available,270,8,0,2.7,0.4
Jones,LIV,MID,5.4,Doubtful,0,0,0,0.0,0.1
Kelleher,LIV,GKP,4.4,Available,0,0,0,0.0,0.3
Konaté,LIV,DEF,5.0,Available,225,14,1,4.7,4.0
Luis Díaz,LIV,MID,7.6,Available,226,32,5,10.7,15.4
M.Salah,LIV,MID,12.6,Available,262,41,8,13.7,41.7
Mac Allister,LIV,MID,6.4,Available,270,9,0,3.0,2.1
McConnell,LIV,MID,4.5,Available,0,0,0,0.0,0.0
Morton,LIV,MID,4.5,Available,0,0,0,0.0,0.1
N.Phillips,LIV,DEF,4.0,NotAvail,0,0,0,0.0,0.2
Quansah,LIV,DEF,4.3,Available,45,1,0,1.0,2.7
R.Williams,LIV,DEF,4.0,NotAvail,0,0,0,0.0,0.1
Robertson,LIV,DEF,6.0,Available,250,18,0,6.0,6.3
Szoboszlai,LIV,MID,6.5,Available,270,15,1,5.0,2.5
Tsimikas,LIV,DEF,4.8,Available,18,2,0,1.0,0.3
Virgil,LIV,DEF,6.0,Available,270,18,1,6.0,13.9
Chiesa,LIV,MID,7.0,Available,0,0,0,0.0,0.2
Akanji,MCI,DEF,5.5,Available,270,9,0,3.0,5.7
Aké,MCI,DEF,5.4,Available,2,1,0,1.0,1.8
Bernardo,MCI,MID,6.6,Available,270,15,2,5.0,6.5
Bobb,MCI,MID,4.8,Injured,0,0,0,0.0,0.1
Carson,MCI,GKP,4.0,Available,0,0,0,0.0,0.2
De Bruyne,MCI,MID,9.6,Available,266,16,2,5.3,11.0
Doku,MCI,MID,6.5,Available,227,7,0,2.3,3.9
Ederson M.,MCI,GKP,5.5,Available,270,12,1,4.0,8.1
Foden,MCI,MID,9.4,Doubtful,45,1,0,1.0,7.0
Grealish,MCI,MID,6.4,Available,90,2,0,1.0,0.2
Gvardiol,MCI,DEF,6.0,Available,267,11,1,3.7,29.3
Haaland,MCI,FWD,15.2,Available,269,41,8,13.7,66.0
J.Alvarez,MCI,FWD,7.0,NotAvail,0,0,0,0.0,0.1
João Cancelo,MCI,DEF,5.3,NotAvail,0,0,0,0.0,0.4
Kovačić,MCI,MID,5.5,Available,229,14,3,4.7,1.6
Lewis,MCI,DEF,4.6,Available,270,14,1,4.7,8.3
Matheus N.,MCI,MID,4.9,Available,19,5,0,2.5,0.1
McAtee,MCI,MID,4.9,Available,1,1,0,1.0,0.1
Ortega Moreno,MCI,GKP,5.4,Available,0,0,0,0.0,0.6
Rodrigo,MCI,MID,6.4,Available,0,0,0,0.0,1.8
Rúben,MCI,DEF,5.5,Available,270,7,0,2.3,4.6
Stones,MCI,DEF,5.4,Available,40,1,0,1.0,1.7
Walker,MCI,DEF,5.4,Available,2,1,0,1.0,5.8
Sávio,MCI,MID,6.5,Doubtful,115,10,1,5.0,1.8
O’Reilly,MCI,MID,5.0,Available,0,0,0,0.0,0.0
Gündogan,MCI,MID,6.5,Available,41,2,0,1.0,0.3
Kaboré,MCI,DEF,4.5,NotAvail,0,0,0,0.0,0.0
Amad,MUN,MID,5.0,Available,170,10,0,3.3,4.2
Antony,MUN,MID,5.9,Available,1,1,0,1.0,0.2
B.Fernandes,MUN,MID,8.4,Available,258,7,0,2.3,12.2
Bayindir,MUN,GKP,4.4,Available,0,0,0,0.0,0.1
Casemiro,MUN,MID,5.0,Available,225,6,0,2.0,0.6
Dalot,MUN,DEF,5.0,Available,270,9,1,3.0,7.8
Eriksen,MUN,MID,5.4,Available,4,1,0,1.0,0.2
Evans,MUN,DEF,4.4,Available,9,1,0,1.0,0.1
Garnacho,MUN,MID,6.4,Available,122,7,0,2.3,11.7
Hannibal,MUN,MID,4.5,NotAvail,0,0,0,0.0,0.1
Heaton,MUN,GKP,4.0,Available,0,0,0,0.0,0.3
Højlund,MUN,FWD,6.9,Doubtful,0,0,0,0.0,0.4
Lindelof,MUN,DEF,4.4,Injured,0,0,0,0.0,0.1
Maguire,MUN,DEF,5.0,Available,179,8,0,2.7,0.7
Mainoo,MUN,MID,5.4,Available,263,5,0,1.7,4.9
Malacia,MUN,DEF,4.4,Injured,0,0,0,0.0,0.0
Martinez,MUN,DEF,4.5,Available,270,8,1,2.7,5.4
McTominay,MUN,MID,4.9,NotAvail,17,2,0,1.0,0.4
Mount,MUN,MID,6.4,Injured,105,3,0,1.5,0.1
Onana,MUN,GKP,5.0,Available,270,8,0,2.7,5.2
Pellistri,MUN,MID,5.0,NotAvail,0,0,0,0.0,0.0
Rashford,MUN,MID,6.9,Available,244,7,0,2.3,2.9
Shaw,MUN,DEF,4.9,Doubtful,0,0,0,0.0,0.3
Zirkzee,MUN,FWD,7.0,Available,159,10,3,3.3,3.8
Yoro,MUN,DEF,4.4,Injured,0,0,0,0.0,0.1
De Ligt,MUN,DEF,5.0,Available,88,2,0,0.7,3.2
Mazraoui,MUN,DEF,4.5,Available,260,13,2,4.3,13.0
Collyer,MUN,MID,4.5,Available,45,1,0,1.0,0.1
Wheatley,MUN,FWD,4.5,Available,0,0,0,0.0,0.4
Ugarte,MUN,MID,5.0,Available,0,0,0,0.0,0.0
A.Murphy,NEW,DEF,4.0,Available,0,0,0,0.0,0.9
Almirón,NEW,MID,5.8,Available,2,2,0,1.0,0.6
Barnes,NEW,MID,6.4,Available,112,15,3,5.0,0.6
Botman,NEW,DEF,4.5,Injured,0,0,0,0.0,0.0
Bruno G.,NEW,MID,6.4,Available,270,6,0,2.0,2.5
Burn,NEW,DEF,4.5,Available,270,6,0,2.0,14.7
Dúbravka,NEW,GKP,4.4,Available,0,0,0,0.0,0.8
Gordon,NEW,MID,7.4,Available,247,15,3,5.0,18.4
Hall,NEW,DEF,4.5,Available,112,7,0,2.3,3.5
Hayden,NEW,MID,4.5,Available,0,0,0,0.0,0.1
Isak,NEW,FWD,8.5,Available,270,16,3,5.3,43.8
J.Murphy,NEW,MID,5.4,Available,115,6,0,2.0,1.0
Joelinton,NEW,MID,6.0,Available,270,13,3,4.3,2.6
Kelly,NEW,DEF,4.5,Available,155,7,0,2.3,0.2
Krafth,NEW,DEF,4.5,Doubtful,240,10,0,3.3,0.2
Kuol,NEW,MID,4.5,Available,0,0,0,0.0,0.0
Lascelles,NEW,DEF,4.5,Injured,0,0,0,0.0,0.0
Lewis,NEW,DEF,4.0,NotAvail,0,0,0,0.0,0.5
Livramento,NEW,DEF,4.5,Available,237,10,1,3.3,2.9
Longstaff,NEW,MID,4.9,Available,226,6,0,2.0,0.9
Miley,NEW,MID,5.0,Injured,0,0,0,0.0,0.0
Odysseas,NEW,GKP,4.4,Available,0,0,0,0.0,0.1
Pope,NEW,GKP,5.0,Available,270,16,2,5.3,8.9
Ruddy,NEW,GKP,4.0,Available,0,0,0,0.0,0.3
Schär,NEW,DEF,5.4,Available,27,-2,0,-2.0,0.9
Targett,NEW,DEF,4.0,Available,0,0,0,0.0,0.5
Tonali,NEW,MID,5.5,Available,22,1,0,1.0,0.2
Trippier,NEW,DEF,5.8,Available,32,1,0,1.0,7.5
White,NEW,MID,4.5,NotAvail,0,0,0,0.0,0.3
Willock,NEW,MID,4.9,Doubtful,20,1,0,1.0,0.1
Wilson,NEW,FWD,6.9,Doubtful,0,0,0,0.0,0.0
Pivas,NEW,DEF,4.0,Available,0,0,0,0.0,0.1
Osula,NEW,FWD,5.0,Available,0,0,0,0.0,0.1
Alex Moreno,NFO,DEF,4.4,Available,0,0,0,0.0,0.5
Aina,NFO,DEF,4.4,Available,233,12,3,4.0,2.1
Anderson,NFO,MID,5.0,Available,182,10,2,3.3,0.2
Awoniyi,NFO,FWD,5.8,Available,34,3,0,1.0,0.5
Boly,NFO,DEF,4.5,Available,91,3,0,1.5,0.2
Bowler,NFO,MID,4.5,NotAvail,0,0,0,0.0,0.1
C.Miguel,NFO,GKP,4.4,Available,0,0,0,0.0,0.2
Da Silva Moreira,NFO,MID,4.5,Available,0,0,0,0.0,0.1
Danilo,NFO,MID,4.8,Injured,14,1,0,1.0,0.0
Dennis,NFO,FWD,5.0,Available,0,0,0,0.0,0.2
Dominguez,NFO,MID,4.9,Available,51,1,0,0.5,0.0
Elanga,NFO,MID,5.4,Available,233,6,0,2.0,1.4
Gibbs-White,NFO,MID,6.5,Available,270,13,2,4.3,4.2
Hudson-Odoi,NFO,MID,5.4,Available,240,8,0,2.7,2.5
Mighten,NFO,MID,4.5,NotAvail,0,0,0,0.0,0.0
Murillo,NFO,DEF,4.5,Available,270,11,1,3.7,0.6
N.Williams,NFO,DEF,4.5,Available,270,9,0,3.0,0.7
O.Richards,NFO,DEF,4.5,NotAvail,0,0,0,0.0,0.0
O'Brien,NFO,MID,5.0,NotAvail,0,0,0,0.0,0.0
Omobamidele,NFO,DEF,4.4,Available,0,0,0,0.0,0.1
Panzo,NFO,DEF,4.0,NotAvail,0,0,0,0.0,0.0
Sangaré,NFO,MID,4.5,Available,212,4,0,1.3,2.7
Sels,NFO,GKP,4.5,Available,270,11,0,3.7,1.8
Toffolo,NFO,DEF,4.4,Available,36,1,0,1.0,0.1
Ui-jo,NFO,FWD,4.5,Available,0,0,0,0.0,3.8
Wood,NFO,FWD,6.1,Available,235,19,6,6.3,7.8
Worrall,NFO,DEF,4.5,NotAvail,0,0,0,0.0,0.0
Yates,NFO,MID,5.0,Available,131,9,2,3.0,0.2
Ward-Prowse,NFO,MID,6.4,Available,16,1,0,1.0,1.1
Milenković,NFO,DEF,4.5,Available,180,8,0,4.0,0.2
Jota Silva,NFO,MID,6.0,Available,2,2,0,1.0,0.1
Sosa,NFO,MID,5.5,Available,10,1,0,1.0,0.0
Morato,NFO,DEF,4.5,Available,0,0,0,0.0,0.0
Ramsdale,SOU,GKP,4.4,Available,90,2,0,2.0,1.5
Archer,SOU,FWD,5.0,Available,82,3,0,1.0,1.6
Ugochukwu,SOU,MID,4.5,Available,0,0,0,0.0,0.4
Fraser,SOU,MID,4.9,Available,0,0,0,0.0,0.0
Alcaraz,SOU,MID,4.9,NotAvail,9,1,0,1.0,0.1
Amo-Ameyaw,SOU,MID,4.5,Available,9,1,0,1.0,0.1
Aribo,SOU,MID,5.0,Available,225,6,0,2.0,0.1
Armstrong,SOU,FWD,5.5,Available,205,4,0,1.3,1.4
Bazunu,SOU,GKP,4.4,Injured,0,0,0,0.0,0.2
Bednarek,SOU,DEF,4.0,Available,260,4,0,1.3,3.0
Bella-Kotchap,SOU,DEF,4.0,Available,0,0,0,0.0,0.3
Bree,SOU,DEF,4.0,Available,0,0,0,0.0,0.2
Charles,SOU,MID,4.5,NotAvail,0,0,0,0.0,0.1
Edozie,SOU,MID,4.9,Available,64,1,0,0.5,0.0
Edwards,SOU,DEF,4.0,Available,0,0,0,0.0,0.2
Harwood-Bellis,SOU,DEF,4.0,Available,220,3,0,1.0,11.1
Kamaldeen,SOU,MID,5.0,Doubtful,0,0,0,0.0,0.0
Lallana,SOU,MID,5.0,Available,8,4,0,4.0,0.0
Larios,SOU,DEF,4.0,Available,0,0,0,0.0,0.1
Lis,SOU,GKP,4.0,NotAvail,0,0,0,0.0,0.2
Lumley,SOU,GKP,4.0,Available,0,0,0,0.0,0.3
Manning,SOU,DEF,4.4,Available,0,0,0,0.0,0.1
Mara,SOU,FWD,5.0,NotAvail,0,0,0,0.0,0.1
McCarthy,SOU,GKP,4.5,Available,180,6,0,3.0,0.2
Onuachu,SOU,FWD,5.0,Available,0,0,0,0.0,0.1
Smallbone,SOU,MID,5.0,Available,218,5,0,1.7,0.1
Stephens,SOU,DEF,4.0,Available,270,4,0,1.3,0.9
Stewart,SOU,FWD,4.5,Doubtful,0,0,0,0.0,0.6
Sugawara,SOU,DEF,4.5,Available,206,10,0,3.3,0.2
Taylor,SOU,DEF,4.0,Available,14,1,0,1.0,4.8
Walker-Peters,SOU,DEF,4.5,Available,260,5,0,1.7,0.5
Wood,SOU,DEF,4.0,Available,0,0,0,0.0,1.5
Cornet,SOU,MID,4.9,Available,0,0,0,0.0,0.0
Downes,SOU,MID,5.0,Available,270,5,0,1.7,0.1
Brereton Díaz,SOU,MID,5.4,Available,250,5,0,1.7,0.6
Dibling,SOU,MID,4.5,Available,60,3,0,1.0,0.2
M.Fernandes,SOU,MID,5.0,Available,59,2,0,1.0,0.0
Solanke,TOT,FWD,7.5,Doubtful,90,2,0,2.0,8.3
A.Phillips,TOT,DEF,4.0,NotAvail,0,0,0,0.0,0.4
Austin,TOT,GKP,4.0,Available,0,0,0,0.0,0.5
Bentancur,TOT,MID,5.0,Available,85,1,0,0.5,0.1
Bergvall,TOT,MID,4.5,Available,31,3,0,1.0,1.0
Bissouma,TOT,MID,5.0,Available,152,10,1,5.0,0.5
Bryan,TOT,MID,5.0,NotAvail,0,0,0,0.0,0.0
Davies,TOT,DEF,4.4,Available,0,0,0,0.0,0.2
Devine,TOT,MID,4.5,Available,0,0,0,0.0,0.1
Dragusin,TOT,DEF,4.4,Available,90,1,0,1.0,0.2
E.Royal,TOT,DEF,4.5,NotAvail,0,0,0,0.0,0.0
Forster,TOT,GKP,4.5,Available,0,0,0,0.0,0.2
Gray,TOT,MID,4.9,Available,30,2,0,1.0,0.2
Højbjerg,TOT,MID,5.0,NotAvail,0,0,0,0.0,0.0
Johnson,TOT,MID,6.4,Available,212,9,0,3.0,0.5
Kulusevski,TOT,MID,6.4,Available,167,9,0,3.0,1.8
Lo Celso,TOT,MID,4.9,NotAvail,0,0,0,0.0,0.1
Maddison,TOT,MID,7.5,Available,237,12,0,4.0,4.6
Pedro Porro,TOT,DEF,5.5,Available,270,16,1,5.3,34.9
Reguilón,TOT,DEF,4.4,Available,0,0,0,0.0,0.2
Richarlison,TOT,FWD,6.9,Injured,25,2,0,1.0,0.7
Romero,TOT,DEF,5.1,Available,270,17,2,5.7,9.7
P.M.Sarr,TOT,MID,4.9,Available,145,3,0,1.0,0.2
Scarlett,TOT,FWD,4.5,NotAvail,0,0,0,0.0,0.1
Solomon,TOT,MID,5.4,NotAvail,0,0,0,0.0,0.0
Son,TOT,MID,10.0,Available,270,21,4,7.0,9.2
Spence,TOT,DEF,4.4,Available,18,2,0,1.0,0.1
Udogie,TOT,DEF,5.0,Available,252,9,0,3.0,3.5
Van de Ven,TOT,DEF,4.5,Doubtful,180,11,0,5.5,7.6
Veliz,TOT,FWD,5.0,NotAvail,0,0,0,0.0,0.0
Vicario,TOT,GKP,5.0,Available,270,9,0,3.0,3.9
Werner,TOT,MID,6.4,Available,28,2,0,1.0,0.2
Whiteman,TOT,GKP,4.0,Available,0,0,0,0.0,1.6
Lankshear,TOT,FWD,4.5,Available,0,0,0,0.0,1.5
Moore,TOT,MID,4.5,Available,0,0,0,0.0,0.3
Odobert,TOT,MID,5.5,Available,138,5,0,2.5,0.1
Wan-Bissaka,WHU,DEF,4.5,Available,118,2,0,1.0,1.8
Álvarez,WHU,MID,5.0,Available,88,3,0,1.5,0.1
Antonio,WHU,FWD,5.5,Available,203,6,0,2.0,1.4
Areola,WHU,GKP,4.5,Doubtful,225,8,0,2.7,8.3
Bowen,WHU,MID,7.5,Available,247,15,0,5.0,5.9
Coufal,WHU,DEF,4.5,Available,165,8,0,2.7,0.8
Cresswell,WHU,DEF,4.0,Doubtful,1,1,0,1.0,2.0
Earthy,WHU,MID,4.5,NotAvail,0,0,0,0.0,0.1
Emerson,WHU,DEF,4.5,Available,248,7,0,2.3,0.7
Fabianski,WHU,GKP,4.0,Available,45,1,0,1.0,14.2
Foderingham,WHU,GKP,4.5,Available,0,0,0,0.0,0.2
Ings,WHU,FWD,5.0,Available,5,1,0,1.0,1.2
Kilman,WHU,DEF,4.5,Available,270,13,3,4.3,2.8
Kudus,WHU,MID,6.4,Available,267,7,0,2.3,5.9
L.Guilherme,WHU,MID,4.9,Available,0,0,0,0.0,0.0
L.Paquetá,WHU,MID,6.0,Available,253,11,0,3.7,2.1
Mavropanos,WHU,DEF,4.5,Available,270,10,2,3.3,0.2
N.Aguerd,WHU,DEF,4.4,NotAvail,0,0,0,0.0,0.1
Souček,WHU,MID,5.0,Available,180,14,1,4.7,3.3
Zouma,WHU,DEF,4.4,NotAvail,0,0,0,0.0,0.4
Irving,WHU,MID,4.9,Available,0,0,0,0.0,0.0
Summerville,WHU,MID,5.9,Available,21,2,0,1.0,0.6
G.Rodríguez,WHU,MID,5.0,Available,264,6,0,2.0,0.1
Füllkrug,WHU,FWD,6.9,Available,63,3,0,1.0,2.4
Todibo,WHU,DEF,4.5,Available,7,2,0,1.0,0.4
Casey,WHU,DEF,4.0,Available,0,0,0,0.0,0.1
C.Soler,WHU,MID,5.0,Available,0,0,0,0.0,0.0
Johnstone,WOL,GKP,4.4,Available,90,3,0,3.0,0.4
Aït-Nouri,WOL,DEF,4.5,Available,209,4,0,1.3,2.4
B.Traore,WOL,MID,4.9,Injured,0,0,0,0.0,0.0
Bellegarde,WOL,MID,5.0,Available,197,9,0,3.0,0.1
Bentley,WOL,GKP,4.0,Available,0,0,0,0.0,2.1
Chiquinho,WOL,MID,4.5,NotAvail,6,1,0,1.0,0.2
Chirewa,WOL,MID,4.5,NotAvail,0,0,0,0.0,0.1
Chiwome,WOL,FWD,4.5,Injured,0,0,0,0.0,0.1
Cundle,WOL,MID,4.5,Available,0,0,0,0.0,0.2
Cunha,WOL,FWD,6.5,Available,190,9,0,3.0,2.6
Dawson,WOL,DEF,4.5,Available,119,4,0,1.3,0.2
Doherty,WOL,DEF,4.5,Available,195,1,0,0.3,0.2
Doyle,WOL,MID,4.9,Available,31,2,0,1.0,0.0
Fábio Silva,WOL,FWD,5.0,NotAvail,0,0,0,0.0,0.2
Fraser,WOL,FWD,4.5,NotAvail,0,0,0,0.0,4.2
Gonzalez,WOL,MID,4.5,Injured,0,0,0,0.0,0.0
Guedes,WOL,MID,5.4,Available,15,1,0,1.0,0.1
H.Bueno,WOL,DEF,4.5,NotAvail,0,0,0,0.0,0.0
Hee Chan,WOL,MID,6.4,Available,178,4,0,1.3,0.6
Hodge,WOL,MID,4.5,NotAvail,0,0,0,0.0,0.4
Hoever,WOL,DEF,4.0,NotAvail,0,0,0,0.0,0.3
J.Gomes,WOL,MID,5.0,Available,232,3,0,1.0,0.1
José Sá,WOL,GKP,4.5,Available,180,1,0,0.5,2.1
Kalajdžić,WOL,FWD,4.9,Injured,0,0,0,0.0,0.1
King,WOL,GKP,4.0,Available,0,0,0,0.0,1.5
Mario Jr.,WOL,MID,5.0,Available,269,9,1,3.0,0.2
Mosquera,WOL,DEF,4.0,Available,270,1,0,0.3,1.1
N.Semedo,WOL,DEF,4.5,Available,74,2,0,2.0,0.0
Pedro Lima,WOL,DEF,4.0,Available,0,0,0,0.0,1.6
Podence,WOL,MID,5.5,NotAvail,46,2,0,1.0,0.1
R.Gomes,WOL,MID,5.4,Available,96,3,0,1.5,0.1
S.Bueno,WOL,DEF,4.4,Available,0,0,0,0.0,0.1
Sarabia,WOL,MID,5.4,Available,28,2,0,1.0,0.2
Strand Larsen,WOL,FWD,5.5,Available,258,10,0,3.3,0.9
Toti,WOL,DEF,4.5,Available,270,3,0,1.0,0.2
Meupiyou,WOL,DEF,4.0,Available,0,0,0,0.0,0.1
André,WOL,MID,5.0,Available,4,1,0,1.0,0.0
Forbs,WOL,MID,5.5,Available,0,0,0,0.0,0.0
